"time","bus","location","direction","alg","count"
1,1,1,1,"elevator",0
1,2,1,-1,"elevator",0
1,3,5,1,"elevator",0
1,4,5,-1,"elevator",0
1,5,10,-1,"elevator",0
2,1,1.41335725543075,1,"elevator",0
2,2,1,0,"elevator",0
2,3,5,0,"elevator",0
2,4,5,0,"elevator",0
2,5,9.81913050138011,-1,"elevator",0
3,1,1.82671451086151,1,"elevator",4
3,2,1,0,"elevator",2
3,3,5,0,"elevator",1
3,4,5.98965380736253,1,"elevator",0
3,5,9.63826100276021,-1,"elevator",0
4,1,1.99253603831011,1,"elevator",4
4,2,1.57238157387568,1,"elevator",3
4,3,5.45650957785637,1,"elevator",1
4,4,6.97930761472506,1,"elevator",0
4,5,9.45739150414032,-1,"elevator",0
5,1,2.15835756575871,1,"elevator",4
5,2,2.291691274052,1,"elevator",10
5,3,5.91301915571273,1,"elevator",2
5,4,7.34573929482234,1,"elevator",0
5,5,9.27652200552043,-1,"elevator",0
6,1,2.32417909320731,1,"elevator",4
6,2,2.54509288806682,1,"elevator",10
6,3,6.13928217366963,1,"elevator",2
6,4,7.71217097491963,1,"elevator",1
6,5,9.09565250690053,-1,"elevator",3
7,1,2.49000062065591,1,"elevator",4
7,2,2.79849450208164,1,"elevator",10
7,3,6.36554519162652,1,"elevator",2
7,4,8.31561741974674,1,"elevator",1
7,5,8.82626416681414,-1,"elevator",3
8,1,2.65582214810451,1,"elevator",4
8,2,3.05189611609646,1,"elevator",10
8,3,6.59180820958341,1,"elevator",2
8,4,8.91906386457386,1,"elevator",0
8,5,8.55687582672775,-1,"elevator",3
9,1,2.82164367555311,1,"elevator",4
9,2,3.30529773011128,1,"elevator",10
9,3,6.81807122754031,1,"elevator",1
9,4,9.13504381958099,1,"elevator",0
9,5,8.28748748664136,-1,"elevator",3
10,1,2.98746520300171,1,"elevator",5
10,2,3.5586993441261,1,"elevator",10
10,3,7.49408146230521,1,"elevator",0
10,4,9.35102377458813,1,"elevator",0
10,5,8.01809914655496,-1,"elevator",3
11,1,3.52286152417505,1,"elevator",7
11,2,3.81210095814092,1,"elevator",9
11,3,8,0,"elevator",0
11,4,9.56700372959526,1,"elevator",0
11,5,7.78020295485993,-1,"elevator",3
12,1,4.23601671245688,1,"elevator",7
12,2,4.46733206015674,1,"elevator",7
12,3,7.30551666893139,-1,"elevator",0
12,4,9.7829836846024,1,"elevator",0
12,5,7.54230676316489,-1,"elevator",3
13,1,4.9491719007387,1,"elevator",7
13,2,4.63629925606102,1,"elevator",7
13,3,6.98670145490297,-1,"elevator",0
13,4,9.99896363960954,1,"elevator",1
13,5,7.30441057146985,-1,"elevator",3
14,1,5.1264155594978,1,"elevator",7
14,2,4.8052664519653,1,"elevator",7
14,3,6.66788624087454,-1,"elevator",0
14,4,9.04227676934484,-1,"elevator",1
14,5,7.06651437977481,-1,"elevator",6
15,1,5.3036592182569,1,"elevator",7
15,2,4.97423364786959,1,"elevator",7
15,3,6.34907102684611,-1,"elevator",0
15,4,8.08558989908015,-1,"elevator",2
15,5,6.82259177835742,-1,"elevator",6
16,1,5.480902877016,1,"elevator",7
16,2,5.14320084377387,1,"elevator",7
16,3,6.03025581281768,-1,"elevator",0
16,4,7.51241203406093,-1,"elevator",2
16,5,6.57866917694002,-1,"elevator",6
17,1,5.6581465357751,1,"elevator",7
17,2,5.31216803967816,1,"elevator",7
17,3,5.88624950224436,-1,"elevator",0
17,4,6.9824162566167,-1,"elevator",2
17,5,6.33474657552263,-1,"elevator",6
18,1,5.8353901945342,1,"elevator",4
18,2,5.48113523558244,1,"elevator",7
18,3,5.74224319167105,-1,"elevator",0
18,4,6.45242047917246,-1,"elevator",3
18,5,6.09082397410524,-1,"elevator",5
19,1,6.09907642480751,1,"elevator",4
19,2,5.65010243148672,1,"elevator",7
19,3,5.59823688109773,-1,"elevator",0
19,4,5.89847314501328,-1,"elevator",3
19,5,5.56782328075409,-1,"elevator",5
20,1,6.36276265508082,1,"elevator",4
20,2,5.81906962739101,1,"elevator",7
20,3,5.45423057052442,-1,"elevator",0
20,4,5.34452581085409,-1,"elevator",3
20,5,5.04482258740293,-1,"elevator",3
21,1,6.62644888535412,1,"elevator",4
21,2,5.98803682329529,1,"elevator",6
21,3,5.3102242599511,-1,"elevator",0
21,4,4.38314941419041,-1,"elevator",3
21,5,4.10127449756737,-1,"elevator",3
22,1,6.89013511562743,1,"elevator",4
22,2,6.18279096520061,1,"elevator",6
22,3,5.16621794937778,-1,"elevator",0
22,4,3.52369753670654,-1,"elevator",5
22,5,3.15772640773182,-1,"elevator",0
23,1,8.70953634444488,1,"elevator",1
23,2,6.37754510710593,1,"elevator",6
23,3,5.02221163880447,-1,"elevator",0
23,4,2.99172506940845,-1,"elevator",5
23,5,1.27758998304924,-1,"elevator",0
24,1,9.5441778043178,1,"elevator",0
24,2,6.57229924901125,1,"elevator",6
24,3,5,0,"elevator",1
24,4,2.45975260211035,-1,"elevator",2
24,5,1.24186086654731,-1,"elevator",0
25,1,9.66258924485321,1,"elevator",0
25,2,6.76705339091657,1,"elevator",6
25,3,5.27449238955817,1,"elevator",1
25,4,1.93416732039854,-1,"elevator",2
25,5,1.20613175004538,-1,"elevator",0
26,1,9.78100068538862,1,"elevator",0
26,2,6.96180753282189,1,"elevator",5
26,3,5.54898477911635,1,"elevator",1
26,4,1.40858203868673,-1,"elevator",0
26,5,1.17040263354345,-1,"elevator",0
27,1,9.89941212592403,1,"elevator",2
27,2,7.0955977834751,1,"elevator",5
27,3,5.82347716867452,1,"elevator",1
27,4,1.2999494652939,-1,"elevator",0
27,5,1.13467351704151,-1,"elevator",0
28,1,9.44367756177208,-1,"elevator",2
28,2,7.22938803412832,1,"elevator",5
28,3,6.53864850540923,1,"elevator",1
28,4,1.19131689190106,-1,"elevator",0
28,5,1.09894440053958,-1,"elevator",0
29,1,8.35881997127469,-1,"elevator",2
29,2,7.36317828478153,1,"elevator",5
29,3,7.4423261523548,1,"elevator",1
29,4,1.08268431850823,-1,"elevator",1
29,5,1.06321528403765,-1,"elevator",0
30,1,7.78718884643499,-1,"elevator",2
30,2,7.49696853543474,1,"elevator",5
30,3,7.91162437723958,1,"elevator",1
30,4,1.41758899609864,1,"elevator",1
30,5,1.02748616753572,-1,"elevator",7
31,1,7.21555772159528,-1,"elevator",2
31,2,7.63075878608795,1,"elevator",5
31,3,8.38092260212436,1,"elevator",1
31,4,1.75249367368906,1,"elevator",6
31,5,1.23149841527028,1,"elevator",7
32,1,6.74345451827279,-1,"elevator",2
32,2,7.76454903674116,1,"elevator",5
32,3,8.85022082700914,1,"elevator",1
32,4,2.00018420840234,1,"elevator",6
32,5,1.43551066300484,1,"elevator",7
33,1,6.2713513149503,-1,"elevator",2
33,2,7.89833928739437,1,"elevator",4
33,3,9.31951905189393,1,"elevator",1
33,4,2.24787474311563,1,"elevator",6
33,5,1.6395229107394,1,"elevator",7
34,1,5.79924811162781,-1,"elevator",2
34,2,8.19959821703771,1,"elevator",4
34,3,9.78881727677871,1,"elevator",0
34,4,2.49556527782892,1,"elevator",6
34,5,1.84353515847396,1,"elevator",7
35,1,5.32714490830532,-1,"elevator",2
35,2,8.50085714668104,1,"elevator",4
35,3,10,0,"elevator",0
35,4,2.74325581254221,1,"elevator",6
35,5,2.96619358576862,1,"elevator",5
36,1,4.99084617152106,-1,"elevator",2
36,2,8.80211607632438,1,"elevator",2
36,3,10,0,"elevator",0
36,4,2.9909463472555,1,"elevator",6
36,5,3.06968291325141,1,"elevator",5
37,1,4.6545474347368,-1,"elevator",2
37,2,9.53206920159671,1,"elevator",0
37,3,10,0,"elevator",0
37,4,3.86044947855856,1,"elevator",5
37,5,3.17317224073421,1,"elevator",5
38,1,4.31824869795254,-1,"elevator",2
38,2,10,0,"elevator",0
38,3,10,0,"elevator",0
38,4,5.23328727475348,1,"elevator",4
38,5,3.276661568217,1,"elevator",5
39,1,3.98194996116827,-1,"elevator",2
39,2,10,0,"elevator",0
39,3,10,0,"elevator",0
39,4,6.4122624698362,1,"elevator",4
39,5,3.38015089569979,1,"elevator",5
40,1,3.64565122438401,-1,"elevator",2
40,2,10,0,"elevator",0
40,3,10,0,"elevator",0
40,4,7.59123766491892,1,"elevator",2
40,5,3.48364022318258,1,"elevator",5
41,1,3.30935248759975,-1,"elevator",2
41,2,10,0,"elevator",0
41,3,10,0,"elevator",0
41,4,7.97089507527923,1,"elevator",2
41,5,3.58712955066537,1,"elevator",5
42,1,2.11826456381628,-1,"elevator",1
42,2,10,0,"elevator",0
42,3,10,0,"elevator",0
42,4,8.35055248563953,1,"elevator",2
42,5,3.69061887814816,1,"elevator",5
43,1,1.7826640590215,-1,"elevator",1
43,2,10,0,"elevator",0
43,3,10,0,"elevator",0
43,4,8.73020989599984,1,"elevator",1
43,5,3.79410820563095,1,"elevator",5
44,1,1.44706355422672,-1,"elevator",1
44,2,10,0,"elevator",0
44,3,10,0,"elevator",0
44,4,9.30823126942422,1,"elevator",1
44,5,3.89759753311374,1,"elevator",3
45,1,1.11146304943193,-1,"elevator",0
45,2,10,0,"elevator",0
45,3,10,0,"elevator",0
45,4,9.88625264284861,1,"elevator",0
45,5,4.44903904181116,1,"elevator",2
46,1,1,0,"elevator",0
46,2,10,0,"elevator",0
46,3,10,0,"elevator",0
46,4,10,0,"elevator",0
46,5,4.76504430961928,1,"elevator",2
47,1,1,0,"elevator",0
47,2,10,0,"elevator",0
47,3,10,0,"elevator",0
47,4,10,0,"elevator",0
47,5,5.08104957742741,1,"elevator",2
48,1,1,0,"elevator",0
48,2,10,0,"elevator",0
48,3,10,0,"elevator",0
48,4,10,0,"elevator",0
48,5,5.39705484523553,1,"elevator",2
49,1,1,0,"elevator",0
49,2,10,0,"elevator",0
49,3,10,0,"elevator",0
49,4,10,0,"elevator",0
49,5,5.71306011304365,1,"elevator",1
50,1,1,0,"elevator",0
50,2,10,0,"elevator",0
50,3,10,0,"elevator",0
50,4,10,0,"elevator",0
50,5,6.47699575666721,1,"elevator",1
51,1,1,0,"elevator",0
51,2,10,0,"elevator",0
51,3,10,0,"elevator",0
51,4,10,0,"elevator",0
51,5,7.3260458287673,1,"elevator",0
1,1,1,1,"rope",0
1,2,1,-1,"rope",0
1,3,5,1,"rope",0
1,4,5,-1,"rope",0
1,5,10,-1,"rope",0
2,1,1.2995431729865,1,"rope",0
2,2,1,-1,"rope",0
2,3,5.87988170029226,1,"rope",0
2,4,4.52477510489676,-1,"rope",0
2,5,9.58821576820277,-1,"rope",0
3,1,1.599086345973,1,"rope",0
3,2,1,-1,"rope",0
3,3,6.75976340058453,1,"rope",0
3,4,4.04955020979351,-1,"rope",0
3,5,9.17643153640554,-1,"rope",2
4,1,1.89862951895949,1,"rope",5
4,2,1,-1,"rope",0
4,3,7.63964510087679,1,"rope",1
4,4,3.44505990688889,-1,"rope",0
4,5,8.64475425361368,-1,"rope",2
5,1,2.50354717720327,1,"rope",5
5,2,1,-1,"rope",0
5,3,7.88743545571298,1,"rope",1
5,4,2.53373706652389,-1,"rope",0
5,5,8.11307697082182,-1,"rope",2
6,1,3.63074049029544,1,"rope",5
6,2,1,-1,"rope",0
6,3,8.13522581054917,1,"rope",1
6,4,2.35906801916676,-1,"rope",0
6,5,7.87720399624651,-1,"rope",2
7,1,3.76469850766663,1,"rope",5
7,2,1.27812891235527,1,"rope",0
7,3,8.38301616538535,1,"rope",1
7,4,2.18439897180963,-1,"rope",0
7,5,7.64133102167121,-1,"rope",2
8,1,3.89865652503782,1,"rope",5
8,2,1.55625782471054,1,"rope",0
8,3,8.63080652022154,1,"rope",1
8,4,2.0097299244525,-1,"rope",0
8,5,7.40545804709591,-1,"rope",2
9,1,4.03261454240901,1,"rope",5
9,2,1.83438673706581,1,"rope",5
9,3,8.87859687505772,1,"rope",0
9,4,1.83506087709537,-1,"rope",0
9,5,7.16958507252061,-1,"rope",3
10,1,4.1665725597802,1,"rope",5
10,2,2.13200754654415,1,"rope",5
10,3,9.00238854792395,1,"rope",0
10,4,1.66039182973824,-1,"rope",0
10,5,6.89229749018192,-1,"rope",3
11,1,4.30053057715139,1,"rope",5
11,2,2.42962835602248,1,"rope",5
11,3,9.12618022079018,1,"rope",0
11,4,1.48572278238111,-1,"rope",0
11,5,6.61500990784323,-1,"rope",3
12,1,4.43448859452258,1,"rope",5
12,2,2.72724916550082,1,"rope",5
12,3,9.24997189365641,1,"rope",0
12,4,1.31105373502397,-1,"rope",0
12,5,6.33772232550455,-1,"rope",3
13,1,4.56844661189377,1,"rope",5
13,2,2.91535438885207,1,"rope",5
13,3,9.37376356652263,1,"rope",0
13,4,1.13638468766684,-1,"rope",10
13,5,6.06043474316586,-1,"rope",4
14,1,4.70240462926496,1,"rope",5
14,2,3.10345961220332,1,"rope",5
14,3,9.49755523938886,1,"rope",0
14,4,1.32443763507487,1,"rope",10
14,5,5.49566851728544,-1,"rope",4
15,1,4.83636264663615,1,"rope",5
15,2,3.29156483555457,1,"rope",5
15,3,9.62134691225509,1,"rope",0
15,4,1.5124905824829,1,"rope",10
15,5,5.10733168374867,-1,"rope",4
16,1,4.97032066400734,1,"rope",5
16,2,3.47967005890582,1,"rope",5
16,3,9.74513858512132,1,"rope",0
16,4,1.70054352989093,1,"rope",10
16,5,4.71899485021191,-1,"rope",4
17,1,5.7279005373573,1,"rope",4
17,2,3.66777528225707,1,"rope",5
17,3,9.86893025798754,1,"rope",0
17,4,1.88859647729896,1,"rope",8
17,5,4.33065801667515,-1,"rope",4
18,1,6.1535171157029,1,"rope",4
18,2,3.85588050560831,1,"rope",4
18,3,9.99272193085377,1,"rope",2
18,4,2.97430604774976,1,"rope",5
18,5,3.89667259271089,-1,"rope",4
19,1,6.5791336940485,1,"rope",4
19,2,4.17361403194857,1,"rope",4
19,3,9.68330644304862,-1,"rope",2
19,4,3.56488699652107,1,"rope",5
19,5,3.46268716874662,-1,"rope",4
20,1,7.24665930683215,1,"rope",4
20,2,4.49134755828883,1,"rope",4
20,3,9.37389095524348,-1,"rope",2
20,4,4.15546794529239,1,"rope",5
20,5,3.02870174478236,-1,"rope",6
21,1,7.91418491961581,1,"rope",2
21,2,4.80908108462909,1,"rope",5
21,3,9.06447546743833,-1,"rope",3
21,4,4.7460488940637,1,"rope",4
21,5,2.62570582530729,-1,"rope",6
22,1,8.79319320160859,1,"rope",0
22,2,4.91335262820307,1,"rope",5
22,3,8.96864826948639,-1,"rope",3
22,4,5.66395938494552,1,"rope",3
22,5,2.22270990583222,-1,"rope",2
23,1,8.93780941729178,1,"rope",0
23,2,5.01762417177704,1,"rope",5
23,3,8.87282107153444,-1,"rope",3
23,4,5.93928376864821,1,"rope",3
23,5,1.97318951680269,-1,"rope",2
24,1,9.08242563297498,1,"rope",0
24,2,5.12189571535101,1,"rope",5
24,3,8.77699387358249,-1,"rope",3
24,4,6.21460815235091,1,"rope",3
24,5,1.72366912777316,-1,"rope",2
25,1,9.22704184865818,1,"rope",0
25,2,5.22616725892499,1,"rope",5
25,3,8.68116667563054,-1,"rope",3
25,4,6.48993253605361,1,"rope",3
25,5,1.47414873874364,-1,"rope",2
26,1,9.37165806434137,1,"rope",0
26,2,5.33043880249896,1,"rope",5
26,3,8.5853394776786,-1,"rope",3
26,4,6.7652569197563,1,"rope",3
26,5,1.22462834971411,-1,"rope",0
27,1,9.51627428002457,1,"rope",0
27,2,5.43471034607294,1,"rope",5
27,3,8.48951227972665,-1,"rope",3
27,4,7.24798230570056,1,"rope",3
27,5,1.17841619119938,-1,"rope",0
28,1,9.66089049570777,1,"rope",0
28,2,5.53898188964691,1,"rope",5
28,3,8.3936850817747,-1,"rope",3
28,4,7.73070769164482,1,"rope",1
28,5,1.13220403268464,-1,"rope",0
29,1,9.80550671139096,1,"rope",0
29,2,5.64325343322088,1,"rope",5
29,3,8.29785788382275,-1,"rope",3
29,4,8.35341104717754,1,"rope",1
29,5,1.08599187416991,-1,"rope",0
30,1,9.95012292707416,1,"rope",1
30,2,5.74752497679486,1,"rope",5
30,3,8.20203068587081,-1,"rope",3
30,4,8.97611440271025,1,"rope",1
30,5,1.03977971565518,-1,"rope",0
31,1,9.53109374045676,-1,"rope",1
31,2,5.85179652036883,1,"rope",5
31,3,8.10620348791886,-1,"rope",3
31,4,9.59881775824297,1,"rope",0
31,5,1.48487196786035,1,"rope",0
32,1,9.11206455383937,-1,"rope",1
32,2,5.9560680639428,1,"rope",5
32,3,8.01037628996691,-1,"rope",4
32,4,9.62368265662357,1,"rope",0
32,5,1.92996422006552,1,"rope",0
33,1,8.83536536801568,-1,"rope",1
33,2,6.61457913383358,1,"rope",3
33,3,7.22319350907715,-1,"rope",6
33,4,9.64854755500417,1,"rope",0
33,5,2.95468840607237,1,"rope",8
34,1,8.558666182192,-1,"rope",1
34,2,6.9856011258455,1,"rope",3
34,3,6.71721313469912,-1,"rope",6
34,4,9.67341245338477,1,"rope",0
34,5,3.29427781038773,1,"rope",8
35,1,8.28196699636831,-1,"rope",1
35,2,7.35662311785742,1,"rope",3
35,3,6.21123276032108,-1,"rope",5
35,4,9.69827735176537,1,"rope",0
35,5,3.6338672147031,1,"rope",8
36,1,8.00526781054463,-1,"rope",1
36,2,7.72764510986934,1,"rope",1
36,3,5.61466371403137,-1,"rope",5
36,4,9.72314225014597,1,"rope",0
36,5,3.97345661901846,1,"rope",8
37,1,6.78833934615723,-1,"rope",1
37,2,7.99761378300422,1,"rope",1
37,3,5.01809466774167,-1,"rope",4
37,4,9.74800714852657,1,"rope",0
37,5,4.28465212206332,1,"rope",8
38,1,5.57141088176983,-1,"rope",1
38,2,8.26758245613911,1,"rope",1
38,3,4.56370320664457,-1,"rope",4
38,4,9.77287204690717,1,"rope",0
38,5,4.59584762510818,1,"rope",8
39,1,5.08098185957617,-1,"rope",1
39,2,8.53755112927399,1,"rope",1
39,3,4.10931174554747,-1,"rope",3
39,4,9.79773694528777,1,"rope",0
39,5,4.90704312815305,1,"rope",6
40,1,4.59055283738251,-1,"rope",1
40,2,8.80751980240888,1,"rope",1
40,3,3.9770465386401,-1,"rope",3
40,4,9.82260184366837,1,"rope",0
40,5,5.39884360762743,1,"rope",6
41,1,4.10012381518885,-1,"rope",1
41,2,9.36206301892703,1,"rope",1
41,3,3.84478133173273,-1,"rope",3
41,4,9.84746674204898,1,"rope",0
41,5,5.89064408710182,1,"rope",5
42,1,3.48967919133104,-1,"rope",1
42,2,9.91660623544518,1,"rope",0
42,3,3.71251612482536,-1,"rope",3
42,4,9.87233164042958,1,"rope",0
42,5,6.09138703034258,1,"rope",5
43,1,3.02789881315578,-1,"rope",1
43,2,9.93431365766681,1,"rope",0
43,3,3.58025091791799,-1,"rope",3
43,4,9.89719653881018,1,"rope",0
43,5,6.29212997358333,1,"rope",5
44,1,2.56611843498052,-1,"rope",1
44,2,9.95202107988843,1,"rope",0
44,3,3.44798571101062,-1,"rope",3
44,4,9.92206143719078,1,"rope",0
44,5,6.49287291682408,1,"rope",5
45,1,2.10433805680526,-1,"rope",0
45,2,9.96972850211006,1,"rope",0
45,3,3.31572050410325,-1,"rope",3
45,4,9.94692633557139,1,"rope",0
45,5,6.69361586006483,1,"rope",5
46,1,1.98277143980666,-1,"rope",0
46,2,9.98743592433168,1,"rope",0
46,3,3.18345529719588,-1,"rope",3
46,4,9.97179123395199,1,"rope",0
46,5,6.89435880330559,1,"rope",4
47,1,1.86120482280805,-1,"rope",0
47,2,9.05819626869498,-1,"rope",0
47,3,3.05119009028851,-1,"rope",3
47,4,9.99665613233259,1,"rope",0
47,5,7.16931042483162,1,"rope",4
48,1,1.73963820580944,-1,"rope",0
48,2,8.12895661305827,-1,"rope",0
48,3,2.77263828008047,-1,"rope",3
48,4,9.69646086015502,-1,"rope",0
48,5,7.44426204635766,1,"rope",4
49,1,1.61807158881083,-1,"rope",0
49,2,7.22221742201313,-1,"rope",0
49,3,2.49408646987243,-1,"rope",3
49,4,9.39626558797746,-1,"rope",0
49,5,7.71921366788369,1,"rope",4
50,1,1.49650497181222,-1,"rope",0
50,2,6.31547823096799,-1,"rope",0
50,3,2.21553465966439,-1,"rope",0
50,4,9.0960703157999,-1,"rope",0
50,5,7.99416528940973,1,"rope",4
51,1,1.37493835481361,-1,"rope",0
51,2,5.20565630917735,-1,"rope",0
51,3,1.45053165321738,-1,"rope",0
51,4,8.14345478193979,-1,"rope",0
51,5,8.38994978309519,1,"rope",4
52,1,1.253371737815,-1,"rope",0
52,2,4.09583438738671,-1,"rope",0
52,3,1.36508560937285,-1,"rope",0
52,4,7.19083924807969,-1,"rope",0
52,5,8.78573427678066,1,"rope",2
53,1,1.13180512081639,-1,"rope",0
53,2,3.83203884584807,-1,"rope",0
53,3,1.27963956552832,-1,"rope",0
53,4,5.53221564217542,-1,"rope",0
53,5,9.21194829559435,1,"rope",2
54,1,1.01023850381778,-1,"rope",0
54,2,3.56824330430943,-1,"rope",0
54,3,1.19419352168379,-1,"rope",0
54,4,4.93420140161738,-1,"rope",0
54,5,9.63816231440804,1,"rope",0
55,1,2.98537994043906,1,"rope",3
55,2,3.30444776277078,-1,"rope",0
55,3,1.10874747783926,-1,"rope",0
55,4,4.33618716105934,-1,"rope",0
55,5,9.70919611089778,1,"rope",0
56,1,3.8934884632554,1,"rope",3
56,2,3.04065222123214,-1,"rope",0
56,3,1.02330143399473,-1,"rope",0
56,4,3.10503218422516,-1,"rope",0
56,5,9.78022990738752,1,"rope",0
57,1,4.80159698607173,1,"rope",2
57,2,1.73474204733674,-1,"rope",0
57,3,2.68798833610752,1,"rope",0
57,4,2.97928576718396,-1,"rope",0
57,5,9.85126370387727,1,"rope",0
58,1,5.14581052088393,1,"rope",2
58,2,1.68651877760242,-1,"rope",0
58,3,3.24817594149569,1,"rope",0
58,4,2.85353935014276,-1,"rope",0
58,5,9.92229750036701,1,"rope",0
59,1,5.49002405569613,1,"rope",2
59,2,1.6382955078681,-1,"rope",0
59,3,3.80836354688385,1,"rope",0
59,4,2.72779293310155,-1,"rope",0
59,5,9.99333129685675,1,"rope",0
60,1,5.83423759050833,1,"rope",2
60,2,1.59007223813377,-1,"rope",0
60,3,4.06881577485183,1,"rope",0
60,4,2.60204651606035,-1,"rope",0
60,5,9.87689207608957,-1,"rope",0
61,1,6.17845112532053,1,"rope",2
61,2,1.54184896839945,-1,"rope",0
61,3,4.32926800281981,1,"rope",0
61,4,2.47630009901915,-1,"rope",0
61,5,9.76045285532238,-1,"rope",0
62,1,6.52266466013273,1,"rope",2
62,2,1.49362569866512,-1,"rope",0
62,3,4.58972023078779,1,"rope",0
62,4,2.35055368197794,-1,"rope",0
62,5,9.6440136345552,-1,"rope",0
63,1,6.86687819494493,1,"rope",2
63,2,1.4454024289308,-1,"rope",0
63,3,4.85017245875577,1,"rope",0
63,4,2.22480726493674,-1,"rope",0
63,5,9.52757441378802,-1,"rope",0
64,1,7.4466157203396,1,"rope",2
64,2,1.39717915919647,-1,"rope",0
64,3,4.97082844420607,1,"rope",0
64,4,2.09906084789554,-1,"rope",0
64,5,9.41113519302084,-1,"rope",0
65,1,8.48443669491883,1,"rope",0
65,2,1.34895588946215,-1,"rope",0
65,3,5.09148442965638,1,"rope",0
65,4,1.3274405595429,-1,"rope",0
65,5,9.29469597225365,-1,"rope",0
1,1,1,1,"chain",0
1,2,1,-1,"chain",0
1,3,5,1,"chain",0
1,4,5,-1,"chain",0
1,5,10,-1,"chain",0
2,1,1.3427757700326,1,"chain",0
2,2,1,-1,"chain",0
2,3,5.1159041406858,1,"chain",0
2,4,3.87354308853737,-1,"chain",0
2,5,9.65365456563524,-1,"chain",0
3,1,1.68555154006519,1,"chain",4
3,2,1,-1,"chain",0
3,3,5.23180828137159,1,"chain",0
3,4,3.42489308466147,-1,"chain",0
3,5,9.30730913127048,-1,"chain",0
4,1,2.35239166273196,1,"chain",8
4,2,1,-1,"chain",0
4,3,5.34771242205739,1,"chain",0
4,4,2.97624308078556,-1,"chain",0
4,5,8.96096369690572,-1,"chain",0
5,1,2.75359507707219,1,"chain",8
5,2,1,-1,"chain",0
5,3,5.46361656274319,1,"chain",0
5,4,2.52759307690966,-1,"chain",0
5,5,8.61461826254097,-1,"chain",0
6,1,3.15479849141241,1,"chain",8
6,2,1,-1,"chain",5
6,3,5.57952070342898,1,"chain",0
6,4,2.07894307303376,-1,"chain",0
6,5,8.26827282817621,-1,"chain",0
7,1,3.55600190575264,1,"chain",8
7,2,1.09235521045805,1,"chain",5
7,3,5.69542484411478,1,"chain",0
7,4,1.91357140177433,-1,"chain",0
7,5,7.2474917026503,-1,"chain",1
8,1,3.95720532009286,1,"chain",8
8,2,1.1847104209161,1,"chain",5
8,3,5.81132898480057,1,"chain",0
8,4,1.74819973051489,-1,"chain",0
8,5,6.72195020119685,-1,"chain",1
9,1,4.30462599496546,1,"chain",8
9,2,1.27706563137414,1,"chain",5
9,3,5.92723312548637,1,"chain",1
9,4,1.58282805925546,-1,"chain",0
9,5,6.19640869974339,-1,"chain",3
10,1,4.65204666983806,1,"chain",8
10,2,1.36942084183219,1,"chain",5
10,3,6.01624742777505,1,"chain",1
10,4,1.41745638799602,-1,"chain",0
10,5,5.22388541805828,-1,"chain",3
11,1,4.99946734471066,1,"chain",6
11,2,1.46177605229024,1,"chain",5
11,3,6.10526173006373,1,"chain",1
11,4,1.25208471673659,-1,"chain",0
11,5,4.74775070612626,-1,"chain",3
12,1,5.9491898951209,1,"chain",3
12,2,1.55413126274829,1,"chain",5
12,3,6.1942760323524,1,"chain",1
12,4,1.08671304547716,-1,"chain",5
12,5,4.27161599419424,-1,"chain",2
13,1,6.06528068064984,1,"chain",3
13,2,1.64648647320633,1,"chain",5
13,3,6.28329033464108,1,"chain",1
13,4,1.27588712709914,1,"chain",5
13,5,3.91253499633279,-1,"chain",2
14,1,6.18137146617878,1,"chain",3
14,2,1.73884168366438,1,"chain",5
14,3,6.37230463692976,1,"chain",1
14,4,1.46506120872112,1,"chain",5
14,5,3.55345399847133,-1,"chain",2
15,1,6.29746225170772,1,"chain",3
15,2,1.83119689412243,1,"chain",5
15,3,6.46131893921843,1,"chain",1
15,4,1.65423529034311,1,"chain",5
15,5,3.19437300060988,-1,"chain",2
16,1,6.41355303723666,1,"chain",3
16,2,1.92355210458048,1,"chain",5
16,3,6.55033324150711,1,"chain",1
16,4,1.84340937196509,1,"chain",4
16,5,2.83529200274842,-1,"chain",2
17,1,6.5296438227656,1,"chain",3
17,2,2.49003447147664,1,"chain",4
17,3,6.63934754379579,1,"chain",1
17,4,2.54011379299782,1,"chain",4
17,5,2.47621100488697,-1,"chain",2
18,1,6.64573460829455,1,"chain",3
18,2,2.86092741697371,1,"chain",4
18,3,6.72836184608447,1,"chain",1
18,4,3.23681821403055,1,"chain",4
18,5,2.11713000702551,-1,"chain",2
19,1,6.76182539382349,1,"chain",3
19,2,3.23182036247077,1,"chain",4
19,3,6.81737614837314,1,"chain",1
19,4,3.93352263506328,1,"chain",5
19,5,1.75804900916406,-1,"chain",2
20,1,6.87791617935243,1,"chain",3
20,2,3.60271330796783,1,"chain",4
20,3,6.90639045066182,1,"chain",1
20,4,4.17453190457949,1,"chain",5
20,5,1.3989680113026,-1,"chain",2
21,1,6.99400696488137,1,"chain",3
21,2,3.97360625346489,1,"chain",3
21,3,6.9954047529505,1,"chain",0
21,4,4.41554117409569,1,"chain",5
21,5,1.03988701344115,-1,"chain",0
22,1,7.33629787021976,1,"chain",3
22,2,4.39685318913342,1,"chain",3
22,3,7.41850244338245,1,"chain",0
22,4,4.6565504436119,1,"chain",5
22,5,1.03519052146314,-1,"chain",0
23,1,7.67858877555816,1,"chain",3
23,2,4.82010012480196,1,"chain",5
23,3,7.8416001338144,1,"chain",0
23,4,4.8975597131281,1,"chain",5
23,5,1.03049402948513,-1,"chain",0
24,1,7.88455229760622,1,"chain",3
24,2,5.13955412362344,1,"chain",5
24,3,8.26469782424635,1,"chain",0
24,4,5.19604178394281,1,"chain",5
24,5,1.02579753750713,-1,"chain",0
25,1,8.09051581965428,1,"chain",3
25,2,5.45900812244492,1,"chain",5
25,3,8.6877955146783,1,"chain",0
25,4,5.49452385475752,1,"chain",5
25,5,1.02110104552912,-1,"chain",0
26,1,8.29647934170235,1,"chain",3
26,2,5.7784621212664,1,"chain",5
26,3,9.11089320511026,1,"chain",0
26,4,5.79300592557223,1,"chain",3
26,5,1.01640455355111,-1,"chain",0
27,1,8.50244286375041,1,"chain",3
27,2,6.18732226946674,1,"chain",5
27,3,9.53399089554221,1,"chain",0
27,4,6.19699812650102,1,"chain",3
27,5,1.01170806157311,-1,"chain",0
28,1,8.70840638579848,1,"chain",3
28,2,6.59618241766709,1,"chain",4
28,3,9.95708858597416,1,"chain",3
28,4,6.60099032742982,1,"chain",3
28,5,1.0070115695951,-1,"chain",0
29,1,8.91436990784654,1,"chain",1
29,2,7.14381159055717,1,"chain",4
29,3,9.61205324162252,-1,"chain",3
29,4,7.14674393494743,1,"chain",3
29,5,1.00231507761709,-1,"chain",6
30,1,9.20180769730089,1,"chain",1
30,2,7.69144076344725,1,"chain",3
30,3,9.26701789727089,-1,"chain",6
30,4,7.69249754246504,1,"chain",2
30,5,1.35529120936616,1,"chain",6
31,1,9.48924548675524,1,"chain",1
31,2,8.00347029966233,1,"chain",3
31,3,8.89636800835744,-1,"chain",6
31,4,8.12344499788762,1,"chain",2
31,5,1.70826734111524,1,"chain",6
32,1,9.7766832762096,1,"chain",0
32,2,8.3154998358774,1,"chain",3
32,3,8.52571811944399,-1,"chain",6
32,4,8.55439245331021,1,"chain",2
32,5,2.06124347286431,1,"chain",6
33,1,9.8290653932639,1,"chain",0
33,2,8.62752937209248,1,"chain",3
33,3,8.15506823053055,-1,"chain",5
33,4,8.9853399087328,1,"chain",0
33,5,2.41421960461338,1,"chain",6
34,1,9.88144751031821,1,"chain",0
34,2,8.93955890830755,1,"chain",2
34,3,7.50675035696304,-1,"chain",5
34,4,9.07752846345758,1,"chain",0
34,5,2.76719573636246,1,"chain",6
35,1,9.89329522837762,1,"chain",0
35,2,9.29473072163262,1,"chain",2
35,3,7.17519630670387,-1,"chain",5
35,4,9.16971701818235,1,"chain",0
35,5,3.65922513582973,1,"chain",5
36,1,9.90514294643704,1,"chain",0
36,2,9.64990253495769,1,"chain",0
36,3,6.8436422564447,-1,"chain",5
36,4,9.26190557290713,1,"chain",0
36,5,4.20644636060795,1,"chain",5
37,1,9.91699066449645,1,"chain",0
37,2,9.69362997433449,1,"chain",0
37,3,6.51208820618553,-1,"chain",5
37,4,9.35409412763191,1,"chain",0
37,5,4.75366758538618,1,"chain",3
38,1,9.92883838255586,1,"chain",0
38,2,9.73735741371129,1,"chain",0
38,3,6.18053415592636,-1,"chain",3
38,4,9.44628268235669,1,"chain",0
38,5,5.96818083771241,1,"chain",3
39,1,9.94068610061528,1,"chain",0
39,2,9.7810848530881,1,"chain",0
39,3,5.97280333764543,-1,"chain",3
39,4,9.53847123708147,1,"chain",0
39,5,6.21939401290307,1,"chain",3
40,1,9.95253381867469,1,"chain",0
40,2,9.8248122924649,1,"chain",0
40,3,5.76507251936451,-1,"chain",3
40,4,9.63065979180625,1,"chain",0
40,5,6.47060718809374,1,"chain",3
41,1,9.9643815367341,1,"chain",0
41,2,9.8685397318417,1,"chain",0
41,3,5.55734170108358,-1,"chain",3
41,4,9.72284834653102,1,"chain",0
41,5,6.72182036328441,1,"chain",3
42,1,9.97622925479352,1,"chain",0
42,2,9.91226717121851,1,"chain",0
42,3,5.34961088280266,-1,"chain",3
42,4,9.8150369012558,1,"chain",0
42,5,6.97303353847507,1,"chain",2
43,1,9.98807697285293,1,"chain",0
43,2,9.95599461059531,1,"chain",0
43,3,5.14188006452173,-1,"chain",3
43,4,9.90722545598058,1,"chain",0
43,5,7.5614240800453,1,"chain",0
44,1,9.99992469091234,1,"chain",0
44,2,9.99972204997211,1,"chain",0
44,3,4.84486580106662,-1,"chain",3
44,4,9.99941401070536,1,"chain",0
44,5,8.02012213149561,1,"chain",0
45,1,9.74849280046496,-1,"chain",0
45,2,9.31262361208428,-1,"chain",0
45,3,4.5478515376115,-1,"chain",3
45,4,8.72798570137583,-1,"chain",2
45,5,8.47882018294591,1,"chain",0
46,1,9.49706091001758,-1,"chain",0
46,2,8.62552517419645,-1,"chain",0
46,3,4.25083727415638,-1,"chain",3
46,4,8.35879599934828,-1,"chain",2
46,5,8.93751823439622,1,"chain",0
47,1,9.24562901957019,-1,"chain",0
47,2,8.22761945877189,-1,"chain",0
47,3,3.46988362189383,-1,"chain",3
47,4,7.98960629732073,-1,"chain",2
47,5,9.48566777073405,1,"chain",0
48,1,8.72107720570316,-1,"chain",0
48,2,7.82971374334732,-1,"chain",0
48,3,2.50117654032986,-1,"chain",1
48,4,7.62041659529318,-1,"chain",2
48,5,9.59028368753146,1,"chain",0
49,1,8.19652539183613,-1,"chain",0
49,2,7.43180802792275,-1,"chain",0
49,3,1.26058436540042,-1,"chain",0
49,4,7.25122689326562,-1,"chain",4
49,5,9.69489960432887,1,"chain",0
50,1,7.94104722797347,-1,"chain",0
50,2,7.03390231249818,-1,"chain",0
50,3,1.23489477883265,-1,"chain",0
50,4,7.02431072755519,-1,"chain",4
50,5,9.79951552112628,1,"chain",0
51,1,7.6855690641108,-1,"chain",0
51,2,6.80486131726112,-1,"chain",0
51,3,1.20920519226488,-1,"chain",0
51,4,6.79739456184476,-1,"chain",4
51,5,9.9041314379237,1,"chain",0
52,1,7.43009090024814,-1,"chain",0
52,2,6.57582032202406,-1,"chain",0
52,3,1.18351560569711,-1,"chain",0
52,4,6.57047839613432,-1,"chain",4
52,5,9.52546211755583,-1,"chain",0
53,1,7.17461273638547,-1,"chain",0
53,2,6.346779326787,-1,"chain",0
53,3,1.15782601912934,-1,"chain",0
53,4,6.34356223042389,-1,"chain",4
53,5,9.14679279718797,-1,"chain",0
54,1,6.53402975929914,-1,"chain",0
54,2,6.11773833154994,-1,"chain",0
54,3,1.13213643256156,-1,"chain",0
54,4,6.11664606471345,-1,"chain",4
54,5,8.78340073441373,-1,"chain",0
55,1,6.18251647340188,-1,"chain",0
55,2,5.861615612082,-1,"chain",0
55,3,1.10644684599379,-1,"chain",0
55,4,5.86077363133184,-1,"chain",4
55,5,8.42000867163949,-1,"chain",0
56,1,5.83100318750462,-1,"chain",0
56,2,5.60549289261406,-1,"chain",0
56,3,1.08075725942602,-1,"chain",0
56,4,5.60490119795024,-1,"chain",4
56,5,8.05661660886525,-1,"chain",0
57,1,5.47948990160736,-1,"chain",0
57,2,5.34937017314612,-1,"chain",0
57,3,1.05506767285825,-1,"chain",0
57,4,5.34902876456863,-1,"chain",4
57,5,7.69322454609101,-1,"chain",0
58,1,5.12797661571009,-1,"chain",0
58,2,5.09324745367819,-1,"chain",0
58,3,1.02937808629048,-1,"chain",0
58,4,5.09315633118702,-1,"chain",3
58,5,7.32983248331677,-1,"chain",0
59,1,5.03259413700422,-1,"chain",0
59,2,5.00080169680842,-1,"chain",0
59,3,1.00368849972271,-1,"chain",0
59,4,4.88219485381319,-1,"chain",3
59,5,7.00184204307383,-1,"chain",0
60,1,4.93721165829834,-1,"chain",0
60,2,4.90835593993866,-1,"chain",0
60,3,1.89012728882561,1,"chain",0
60,4,4.67123337643936,-1,"chain",3
60,5,6.67385160283089,-1,"chain",0
61,1,4.84182917959246,-1,"chain",0
61,2,4.81591018306889,-1,"chain",0
61,3,2.25288068781823,1,"chain",0
61,4,4.46027189906552,-1,"chain",3
61,5,6.34586116258795,-1,"chain",0
62,1,4.74644670088658,-1,"chain",0
62,2,4.72346442619913,-1,"chain",0
62,3,2.61563408681085,1,"chain",0
62,4,4.24931042169169,-1,"chain",3
62,5,6.01787072234501,-1,"chain",0
63,1,4.65106422218071,-1,"chain",0
63,2,4.63101866932937,-1,"chain",0
63,3,2.97838748580347,1,"chain",4
63,4,4.03834894431786,-1,"chain",2
63,5,5.26916862218982,-1,"chain",0
64,1,4.55568174347483,-1,"chain",0
64,2,4.5385729124596,-1,"chain",0
64,3,3.28786655991065,1,"chain",4
64,4,3.90049323988789,-1,"chain",2
64,5,5.08912369214414,-1,"chain",0
65,1,4.46382102889004,-1,"chain",0
65,2,4.44954048845881,-1,"chain",0
65,3,3.59734563401782,1,"chain",4
65,4,3.76263753545791,-1,"chain",2
65,5,4.90907876209846,-1,"chain",0
66,1,4.37196031430524,-1,"chain",0
66,2,4.36050806445801,-1,"chain",0
66,3,3.906824708125,1,"chain",4
66,4,3.62478183102794,-1,"chain",2
66,5,4.72903383205278,-1,"chain",0
67,1,4.28009959972045,-1,"chain",0
67,2,4.27147564045722,-1,"chain",0
67,3,4.62531440828656,1,"chain",4
67,4,3.48692612659797,-1,"chain",2
67,5,4.5489889020071,-1,"chain",0
68,1,4.18823888513566,-1,"chain",0
68,2,4.18244321645643,-1,"chain",0
68,3,5.05680342038332,1,"chain",4
68,4,3.34907042216799,-1,"chain",2
68,5,4.36894397196142,-1,"chain",0
69,1,4.09637817055087,-1,"chain",0
69,2,4.09341079245563,-1,"chain",0
69,3,5.48829243248008,1,"chain",4
69,4,3.21121471773802,-1,"chain",2
69,5,4.18889904191574,-1,"chain",0
70,1,4.00451745596608,-1,"chain",0
70,2,4.00437836845484,-1,"chain",0
70,3,5.91978144457685,1,"chain",4
70,4,3.07335901330805,-1,"chain",2
70,5,4.00885411187006,-1,"chain",0
71,1,3.49601898059698,-1,"chain",0
71,2,3.37346838743495,-1,"chain",0
71,3,6.62108442287282,1,"chain",3
71,4,2.69930655921665,-1,"chain",2
71,5,3.37513264935889,-1,"chain",0
72,1,3.22064660651389,-1,"chain",0
72,2,3.12065391416863,-1,"chain",0
72,3,7.49534109136547,1,"chain",3
72,4,2.32525410512526,-1,"chain",0
72,5,2.6395872216568,-1,"chain",0
73,1,2.94527423243079,-1,"chain",0
73,2,2.86783944090231,-1,"chain",0
73,3,7.89753613684838,1,"chain",3
73,4,1.73136207085632,-1,"chain",0
73,5,2.50101677046279,-1,"chain",0
74,1,2.6699018583477,-1,"chain",0
74,2,2.61502496763599,-1,"chain",0
74,3,8.29973118233128,1,"chain",3
74,4,1.13747003658737,-1,"chain",0
74,5,2.36244631926878,-1,"chain",0
75,1,2.3945294842646,-1,"chain",0
75,2,2.36221049436967,-1,"chain",0
75,3,8.70192622781418,1,"chain",2
75,4,1.12348835912518,-1,"chain",0
75,5,2.22387586807477,-1,"chain",0
76,1,2.11915711018151,-1,"chain",0
76,2,2.10939602110335,-1,"chain",0
76,3,9.06703806632841,1,"chain",2
76,4,1.10950668166298,-1,"chain",0
76,5,2.08530541688076,-1,"chain",0
77,1,1.9486371463056,-1,"chain",0
77,2,1.94036330199572,-1,"chain",0
77,3,9.43214990484265,1,"chain",2
77,4,1.09552500420079,-1,"chain",0
77,5,1.94673496568675,-1,"chain",0
78,1,1.7781171824297,-1,"chain",0
78,2,1.7713305828881,-1,"chain",0
78,3,9.79726174335688,1,"chain",0
78,4,1.0815433267386,-1,"chain",0
78,5,1.80816451449274,-1,"chain",0
